<?xml version="1.0"?>
<Locations>
  <Project>
    <vfs_file />
    <file_marker column=" 1" line=" 1" >
      <vfs_project />
      <vfs_file>/Users/declan/Desktop/COMP2310/Hello_Concurrent_World/Sources/means.adb</vfs_file>
    </file_marker>
    <file_marker column=" 1" line=" 4" >
      <vfs_project />
      <vfs_file>/Users/declan/Desktop/COMP2310/Hello_Concurrent_World/Sources/means.adb</vfs_file>
    </file_marker>
    <file_marker column=" 1" line=" 4" >
      <vfs_project />
      <vfs_file>/Users/declan/Desktop/COMP2310/Hello_Concurrent_World/Sources/means.adb</vfs_file>
    </file_marker>
    <file_marker column=" 1" line=" 4" >
      <vfs_project />
      <vfs_file>/Users/declan/Desktop/COMP2310/Hello_Concurrent_World/Sources/means.adb</vfs_file>
    </file_marker>
    <file_marker column=" 63" line=" 8" >
      <vfs_project />
      <vfs_file>/Users/declan/Desktop/COMP2310/Hello_Concurrent_World/Sources/means.adb</vfs_file>
    </file_marker>
    <file_marker column=" 63" line=" 8" >
      <vfs_project />
      <vfs_file>/Users/declan/Desktop/COMP2310/Hello_Concurrent_World/Sources/means.adb</vfs_file>
    </file_marker>
    <file_marker column=" 11" line=" 3" >
      <vfs_project />
      <vfs_file>/Users/declan/Desktop/COMP2310/Hello_Concurrent_World/Sources/means.adb</vfs_file>
    </file_marker>
    <file_marker column=" 2" line=" 4" >
      <vfs_project />
      <vfs_file>/Users/declan/Desktop/COMP2310/Hello_Concurrent_World/Sources/means.adb</vfs_file>
    </file_marker>
    <file_marker column=" 11" line=" 3" >
      <vfs_project />
      <vfs_file>/Users/declan/Desktop/COMP2310/Hello_Concurrent_World/Sources/means.adb</vfs_file>
    </file_marker>
    <file_marker column=" 31" line=" 15" >
      <vfs_project />
      <vfs_file>/Users/declan/Desktop/COMP2310/Hello_Concurrent_World/Sources/means.adb</vfs_file>
    </file_marker>
    <file_marker column=" 18" line=" 1" >
      <vfs_project />
      <vfs_file>/Users/declan/Desktop/COMP2310/Hello_Concurrent_World/Sources/means.adb</vfs_file>
    </file_marker>
    <file_marker column=" 4" line=" 51" >
      <vfs_project />
      <vfs_file>/Users/declan/Desktop/COMP2310/Hello_Concurrent_World/Sources/means.adb</vfs_file>
    </file_marker>
    <file_marker column=" 11" line=" 3" >
      <vfs_project />
      <vfs_file>/Users/declan/Desktop/COMP2310/Hello_Concurrent_World/Sources/means.adb</vfs_file>
    </file_marker>
    <file_marker column=" 4" line=" 51" >
      <vfs_project />
      <vfs_file>/Users/declan/Desktop/COMP2310/Hello_Concurrent_World/Sources/means.adb</vfs_file>
    </file_marker>
    <file_marker column=" 11" line=" 3" >
      <vfs_project />
      <vfs_file>/Users/declan/Desktop/COMP2310/Hello_Concurrent_World/Sources/means.adb</vfs_file>
    </file_marker>
    <file_marker column=" 21" line=" 35" >
      <vfs_project />
      <vfs_file>/Users/declan/Desktop/COMP2310/Hello_Concurrent_World/Sources/means.adb</vfs_file>
    </file_marker>
    <file_marker column=" 11" line=" 3" >
      <vfs_project />
      <vfs_file>/Users/declan/Desktop/COMP2310/Hello_Concurrent_World/Sources/means.adb</vfs_file>
    </file_marker>
    <file_marker column=" 47" line=" 31" >
      <vfs_project />
      <vfs_file>/Users/declan/Desktop/COMP2310/Hello_Concurrent_World/Sources/means.adb</vfs_file>
    </file_marker>
    <file_marker column=" 11" line=" 3" >
      <vfs_project />
      <vfs_file>/Users/declan/Desktop/COMP2310/Hello_Concurrent_World/Sources/means.adb</vfs_file>
    </file_marker>
    <file_marker column=" 27" line=" 31" >
      <vfs_project />
      <vfs_file>/Users/declan/Desktop/COMP2310/Hello_Concurrent_World/Sources/means.adb</vfs_file>
    </file_marker>
    <file_marker column=" 11" line=" 3" >
      <vfs_project />
      <vfs_file>/Users/declan/Desktop/COMP2310/Hello_Concurrent_World/Sources/means.adb</vfs_file>
    </file_marker>
    <file_marker column=" 40" line=" 52" >
      <vfs_project />
      <vfs_file>/Users/declan/Desktop/COMP2310/Hello_Concurrent_World/Sources/means.adb</vfs_file>
    </file_marker>
    <file_marker current="true" column=" 11" line=" 3" >
      <vfs_project />
      <vfs_file>/Users/declan/Desktop/COMP2310/Hello_Concurrent_World/Sources/means.adb</vfs_file>
    </file_marker>
  </Project>
</Locations>
