<?xml version="1.0"?>
<Locations>
  <Project>
    <vfs_file>/Users/declan/Desktop/COMP2310/Synchronized_Action/synchronized_action.gpr</vfs_file>
    <file_marker column=" 1" line=" 1" >
      <vfs_project>/Users/declan/Desktop/COMP2310/Synchronized_Action/synchronized_action.gpr</vfs_project>
      <vfs_file>/Users/declan/Desktop/COMP2310/Synchronized_Action/Sources/synchronized_action.adb</vfs_file>
    </file_marker>
    <file_marker current="true" column=" 63" line=" 16" >
      <vfs_project>/Users/declan/Desktop/COMP2310/Synchronized_Action/synchronized_action.gpr</vfs_project>
      <vfs_file>/Users/declan/Desktop/COMP2310/Synchronized_Action/Sources/synchronized_action.adb</vfs_file>
    </file_marker>
  </Project>
</Locations>
