<?xml version="1.0"?>
<Locations >
  <Project >
    <file_marker column=" 1" line=" 1" >
      <vfs_project>/Users/declan/Desktop/COMP2310/Stack_Sequential /stack_sequential.gpr</vfs_project>
      <vfs_file>/Users/declan/Desktop/COMP2310/Stack_Sequential /Sources/stack_pack_private.adb</vfs_file>
    </file_marker>
    <file_marker column=" 19" line=" 5" >
      <vfs_project>/Users/declan/Desktop/COMP2310/Stack_Sequential /stack_sequential.gpr</vfs_project>
      <vfs_file>/Users/declan/Desktop/COMP2310/Stack_Sequential /Sources/stack_pack_private.adb</vfs_file>
    </file_marker>
    <file_marker column=" 1" line=" 1" >
      <vfs_project>/Users/declan/Desktop/COMP2310/Stack_Sequential /stack_sequential.gpr</vfs_project>
      <vfs_file>/Users/declan/Desktop/COMP2310/Stack_Sequential /Sources/stack_pack_private.ads</vfs_file>
    </file_marker>
    <file_marker column=" 1" line=" 1" >
      <vfs_project>/Users/declan/Desktop/COMP2310/Stack_Sequential /stack_sequential.gpr</vfs_project>
      <vfs_file>/Users/declan/Desktop/COMP2310/Stack_Sequential /Sources/stack_pack_private.adb</vfs_file>
    </file_marker>
    <file_marker column=" 1" line=" 1" >
      <vfs_project>/Users/declan/Desktop/COMP2310/Stack_Sequential /stack_sequential.gpr</vfs_project>
      <vfs_file>/Users/declan/Desktop/COMP2310/Stack_Sequential /Sources/stack_pack_private.ads</vfs_file>
    </file_marker>
    <file_marker column=" 10" line=" 26" >
      <vfs_project>/Users/declan/Desktop/COMP2310/Stack_Sequential /stack_sequential.gpr</vfs_project>
      <vfs_file>/Users/declan/Desktop/COMP2310/Stack_Sequential /Sources/stack_pack_private.ads</vfs_file>
    </file_marker>
    <file_marker column=" 1" line=" 1" >
      <vfs_project>/Users/declan/Desktop/COMP2310/Stack_Sequential /stack_sequential.gpr</vfs_project>
      <vfs_file>/Users/declan/Desktop/COMP2310/Stack_Sequential /Sources/stack_test_private.adb</vfs_file>
    </file_marker>
    <file_marker column=" 1" line=" 1" >
      <vfs_project>/Users/declan/Desktop/COMP2310/Stack_Sequential /stack_sequential.gpr</vfs_project>
      <vfs_file>/Users/declan/Desktop/COMP2310/Stack_Sequential /Sources/stack_pack_private.ads</vfs_file>
    </file_marker>
    <file_marker column=" 1" line=" 8" >
      <vfs_project>/Users/declan/Desktop/COMP2310/Stack_Sequential /stack_sequential.gpr</vfs_project>
      <vfs_file>/Users/declan/Desktop/COMP2310/Stack_Sequential /Sources/stack_pack_private.ads</vfs_file>
    </file_marker>
    <file_marker column=" 26" line=" 1" >
      <vfs_project />
      <vfs_file>/Users/declan/Desktop/COMP2310/Stack_Sequential /stack_sequential.gpr</vfs_file>
    </file_marker>
    <file_marker column=" 10" line=" 64" >
      <vfs_project />
      <vfs_file>/Users/declan/Desktop/COMP2310/Stack_Sequential /stack_sequential.gpr</vfs_file>
    </file_marker>
    <file_marker column=" 1" line=" 4" >
      <vfs_project>/Users/declan/Desktop/COMP2310/Stack_Sequential /stack_sequential.gpr</vfs_project>
      <vfs_file>/Users/declan/Desktop/COMP2310/Stack_Sequential /Sources/stack_test_private.adb</vfs_file>
    </file_marker>
    <file_marker column=" 28" line=" 5" >
      <vfs_project>/Users/declan/Desktop/COMP2310/Stack_Sequential /stack_sequential.gpr</vfs_project>
      <vfs_file>/Users/declan/Desktop/COMP2310/Stack_Sequential /Sources/stack_pack_private.ads</vfs_file>
    </file_marker>
    <file_marker column=" 5" line=" 11" >
      <vfs_project>/Users/declan/Desktop/COMP2310/Stack_Sequential /stack_sequential.gpr</vfs_project>
      <vfs_file>/Users/declan/Desktop/COMP2310/Stack_Sequential /Sources/stack_pack_private.ads</vfs_file>
    </file_marker>
    <file_marker column=" 1" line=" 4" >
      <vfs_project>/Users/declan/Desktop/COMP2310/Stack_Sequential /stack_sequential.gpr</vfs_project>
      <vfs_file>/Users/declan/Desktop/COMP2310/Stack_Sequential /Sources/stack_test_private.adb</vfs_file>
    </file_marker>
    <file_marker column=" 1" line=" 1" >
      <vfs_project>/Users/declan/Desktop/COMP2310/Stack_Sequential /stack_sequential.gpr</vfs_project>
      <vfs_file>/Users/declan/Desktop/COMP2310/Stack_Sequential /Sources/stack_pack_private.adb</vfs_file>
    </file_marker>
    <file_marker column=" 1" line=" 1" >
      <vfs_project>/Users/declan/Desktop/COMP2310/Stack_Sequential /stack_sequential.gpr</vfs_project>
      <vfs_file>/Users/declan/Desktop/COMP2310/Stack_Sequential /Sources/stack_pack_private.ads</vfs_file>
    </file_marker>
    <file_marker column=" 1" line=" 1" >
      <vfs_project>/Users/declan/Desktop/COMP2310/Stack_Sequential /stack_sequential.gpr</vfs_project>
      <vfs_file>/Users/declan/Desktop/COMP2310/Stack_Sequential /Sources/stack_pack_private.adb</vfs_file>
    </file_marker>
    <file_marker column=" 1" line=" 1" >
      <vfs_project>/Users/declan/Desktop/COMP2310/Stack_Sequential /stack_sequential.gpr</vfs_project>
      <vfs_file>/Users/declan/Desktop/COMP2310/Stack_Sequential /Sources/stack_test_private.adb</vfs_file>
    </file_marker>
    <file_marker column=" 1" line=" 1" >
      <vfs_project>/Users/declan/Desktop/COMP2310/Stack_Sequential /stack_sequential.gpr</vfs_project>
      <vfs_file>/Users/declan/Desktop/COMP2310/Stack_Sequential /Sources/stack_pack_private.ads</vfs_file>
    </file_marker>
    <file_marker column=" 1" line=" 1" >
      <vfs_project>/Users/declan/Desktop/COMP2310/Stack_Sequential /stack_sequential.gpr</vfs_project>
      <vfs_file>/Users/declan/Desktop/COMP2310/Stack_Sequential /Sources/stack_test_private.adb</vfs_file>
    </file_marker>
    <file_marker column=" 31" line=" 10" >
      <vfs_project>/Users/declan/Desktop/COMP2310/Stack_Sequential /stack_sequential.gpr</vfs_project>
      <vfs_file>/Users/declan/Desktop/COMP2310/Stack_Sequential /Sources/stack_test_private.adb</vfs_file>
    </file_marker>
    <file_marker column=" 19" line=" 15" >
      <vfs_project>/Users/declan/Desktop/COMP2310/Stack_Sequential /stack_sequential.gpr</vfs_project>
      <vfs_file>/Users/declan/Desktop/COMP2310/Stack_Sequential /Sources/stack_test_private.adb</vfs_file>
    </file_marker>
    <file_marker column=" 4" line=" 9" >
      <vfs_project>/Users/declan/Desktop/COMP2310/Stack_Sequential /stack_sequential.gpr</vfs_project>
      <vfs_file>/Users/declan/Desktop/COMP2310/Stack_Sequential /Sources/stack_test_private.adb</vfs_file>
    </file_marker>
    <file_marker column=" 33" line=" 23" >
      <vfs_project>/Users/declan/Desktop/COMP2310/Stack_Sequential /stack_sequential.gpr</vfs_project>
      <vfs_file>/Users/declan/Desktop/COMP2310/Stack_Sequential /Sources/stack_test_private.adb</vfs_file>
    </file_marker>
    <file_marker column=" 36" line=" 27" >
      <vfs_project>/Users/declan/Desktop/COMP2310/Stack_Sequential /stack_sequential.gpr</vfs_project>
      <vfs_file>/Users/declan/Desktop/COMP2310/Stack_Sequential /Sources/stack_test_private.adb</vfs_file>
    </file_marker>
    <file_marker column=" 8" line=" 19" >
      <vfs_project>/Users/declan/Desktop/COMP2310/Stack_Sequential /stack_sequential.gpr</vfs_project>
      <vfs_file>/Users/declan/Desktop/COMP2310/Stack_Sequential /Sources/stack_pack_private.ads</vfs_file>
    </file_marker>
    <file_marker column=" 1" line=" 8" >
      <vfs_project>/Users/declan/Desktop/COMP2310/Stack_Sequential /stack_sequential.gpr</vfs_project>
      <vfs_file>/Users/declan/Desktop/COMP2310/Stack_Sequential /Sources/stack_pack_private.ads</vfs_file>
    </file_marker>
    <file_marker column=" 8" line=" 19" >
      <vfs_project>/Users/declan/Desktop/COMP2310/Stack_Sequential /stack_sequential.gpr</vfs_project>
      <vfs_file>/Users/declan/Desktop/COMP2310/Stack_Sequential /Sources/stack_pack_private.ads</vfs_file>
    </file_marker>
    <file_marker column=" 1" line=" 1" >
      <vfs_project>/Users/declan/Desktop/COMP2310/Stack_Sequential /stack_sequential.gpr</vfs_project>
      <vfs_file>/Users/declan/Desktop/COMP2310/Stack_Sequential /Sources/stack_pack_private.ads</vfs_file>
    </file_marker>
    <file_marker column=" 1" line=" 1" >
      <vfs_project>/Users/declan/Desktop/COMP2310/Stack_Sequential /stack_sequential.gpr</vfs_project>
      <vfs_file>/Users/declan/Desktop/COMP2310/Stack_Sequential /Sources/stack_pack_private.adb</vfs_file>
    </file_marker>
    <file_marker column=" 1" line=" 1" >
      <vfs_project>/Users/declan/Desktop/COMP2310/Stack_Sequential /stack_sequential.gpr</vfs_project>
      <vfs_file>/Users/declan/Desktop/COMP2310/Stack_Sequential /Sources/stack_pack_private.ads</vfs_file>
    </file_marker>
    <file_marker column=" 1" line=" 1" >
      <vfs_project>/Users/declan/Desktop/COMP2310/Stack_Sequential /stack_sequential.gpr</vfs_project>
      <vfs_file>/Users/declan/Desktop/COMP2310/Stack_Sequential /Sources/stack_pack_private.adb</vfs_file>
    </file_marker>
    <file_marker column=" 1" line=" 1" >
      <vfs_project>/Users/declan/Desktop/COMP2310/Stack_Sequential /stack_sequential.gpr</vfs_project>
      <vfs_file>/Users/declan/Desktop/COMP2310/Stack_Sequential /Sources/stack_test_private.adb</vfs_file>
    </file_marker>
    <file_marker column=" 1" line=" 1" >
      <vfs_project>/Users/declan/Desktop/COMP2310/Stack_Sequential /stack_sequential.gpr</vfs_project>
      <vfs_file>/Users/declan/Desktop/COMP2310/Stack_Sequential /Sources/stack_pack_private.ads</vfs_file>
    </file_marker>
    <file_marker column=" 1" line=" 1" >
      <vfs_project>/Users/declan/Desktop/COMP2310/Stack_Sequential /stack_sequential.gpr</vfs_project>
      <vfs_file>/Users/declan/Desktop/COMP2310/Stack_Sequential /Sources/stack_pack_private.adb</vfs_file>
    </file_marker>
    <file_marker column=" 1" line=" 1" >
      <vfs_project>/Users/declan/Desktop/COMP2310/Stack_Sequential /stack_sequential.gpr</vfs_project>
      <vfs_file>/Users/declan/Desktop/COMP2310/Stack_Sequential /Sources/stack_test_private.adb</vfs_file>
    </file_marker>
    <file_marker column=" 1" line=" 1" >
      <vfs_project>/Users/declan/Desktop/COMP2310/Stack_Sequential /stack_sequential.gpr</vfs_project>
      <vfs_file>/Users/declan/Desktop/COMP2310/Stack_Sequential /Sources/stack_pack_private.ads</vfs_file>
    </file_marker>
    <file_marker column=" 1" line=" 1" >
      <vfs_project>/Users/declan/Desktop/COMP2310/Stack_Sequential /stack_sequential.gpr</vfs_project>
      <vfs_file>/Users/declan/Desktop/COMP2310/Stack_Sequential /Sources/stack_pack_private.adb</vfs_file>
    </file_marker>
    <file_marker column=" 1" line=" 1" >
      <vfs_project>/Users/declan/Desktop/COMP2310/Stack_Sequential /stack_sequential.gpr</vfs_project>
      <vfs_file>/Users/declan/Desktop/COMP2310/Stack_Sequential /Sources/stack_test_private.adb</vfs_file>
    </file_marker>
    <file_marker column=" 1" line=" 1" >
      <vfs_project>/Users/declan/Desktop/COMP2310/Stack_Sequential /stack_sequential.gpr</vfs_project>
      <vfs_file>/Users/declan/Desktop/COMP2310/Stack_Sequential /Sources/stack_pack_private.ads</vfs_file>
    </file_marker>
    <file_marker column=" 1" line=" 8" >
      <vfs_project>/Users/declan/Desktop/COMP2310/Stack_Sequential /stack_sequential.gpr</vfs_project>
      <vfs_file>/Users/declan/Desktop/COMP2310/Stack_Sequential /Sources/stack_pack_private.ads</vfs_file>
    </file_marker>
    <file_marker column=" 80" line=" 10" >
      <vfs_project>/Users/declan/Desktop/COMP2310/Stack_Sequential /stack_sequential.gpr</vfs_project>
      <vfs_file>/Users/declan/Desktop/COMP2310/Stack_Sequential /Sources/stack_test_private.adb</vfs_file>
    </file_marker>
    <file_marker column=" 13" line=" 6" >
      <vfs_project>/Users/declan/Desktop/COMP2310/Stack_Sequential /stack_sequential.gpr</vfs_project>
      <vfs_file>/Users/declan/Desktop/COMP2310/Stack_Sequential /Sources/stack_pack_private.ads</vfs_file>
    </file_marker>
    <file_marker column=" 59" line=" 10" >
      <vfs_project>/Users/declan/Desktop/COMP2310/Stack_Sequential /stack_sequential.gpr</vfs_project>
      <vfs_file>/Users/declan/Desktop/COMP2310/Stack_Sequential /Sources/stack_test_private.adb</vfs_file>
    </file_marker>
    <file_marker column=" 1" line=" 1" >
      <vfs_project>/Users/declan/Desktop/COMP2310/Stack_Sequential /stack_sequential.gpr</vfs_project>
      <vfs_file>/Users/declan/Desktop/COMP2310/Stack_Sequential /Sources/stack_test_private.adb</vfs_file>
    </file_marker>
    <file_marker column=" 1" line=" 1" >
      <vfs_project>/Users/declan/Desktop/COMP2310/Stack_Sequential /stack_sequential.gpr</vfs_project>
      <vfs_file>/Users/declan/Desktop/COMP2310/Stack_Sequential /Sources/stack_pack_private.ads</vfs_file>
    </file_marker>
    <file_marker column=" 23" line=" 6" >
      <vfs_project>/Users/declan/Desktop/COMP2310/Stack_Sequential /stack_sequential.gpr</vfs_project>
      <vfs_file>/Users/declan/Desktop/COMP2310/Stack_Sequential /Sources/stack_pack_private.ads</vfs_file>
    </file_marker>
    <file_marker column=" 59" line=" 10" >
      <vfs_project>/Users/declan/Desktop/COMP2310/Stack_Sequential /stack_sequential.gpr</vfs_project>
      <vfs_file>/Users/declan/Desktop/COMP2310/Stack_Sequential /Sources/stack_test_private.adb</vfs_file>
    </file_marker>
    <file_marker column=" 27" line=" 9" >
      <vfs_project>/Users/declan/Desktop/COMP2310/Stack_Sequential /stack_sequential.gpr</vfs_project>
      <vfs_file>/Users/declan/Desktop/COMP2310/Stack_Sequential /Sources/stack_test_private.adb</vfs_file>
    </file_marker>
    <file_marker current="true" column=" 1" line=" 1" >
      <vfs_project>/Users/declan/Desktop/COMP2310/Stack_Sequential /stack_sequential.gpr</vfs_project>
      <vfs_file>/Users/declan/Desktop/COMP2310/Stack_Sequential /Sources/stack_pack_private.adb</vfs_file>
    </file_marker>
  </Project>
</Locations>
